﻿<?xml version="1.0" encoding="utf-8"?>
<abapGit version="v1.0.0" serializer="LCL_OBJECT_BDEF" serializer_version="v1.0.0">
 <asx:abap xmlns:asx="http://www.sap.com/abapxml" version="1.0">
  <asx:values>
   <BDEF>
    <NAME>ZC_DATA_CV</NAME>
    <TYPE>BDEF/BDO</TYPE>
    <DESCRIPTION>Behavior for ZC_DATA_CV</DESCRIPTION>
    <DESCRIPTION_TEXT_LIMIT>60</DESCRIPTION_TEXT_LIMIT>
    <LANGUAGE>EN</LANGUAGE>
    <MASTER_LANGUAGE>EN</MASTER_LANGUAGE>
    <SOURCE_FIXED_POINT_ARITHMETIC>true</SOURCE_FIXED_POINT_ARITHMETIC>
    <SOURCE_UNICODE_CHECKS_ACTIVE>true</SOURCE_UNICODE_CHECKS_ACTIVE>
   </BDEF>
  </asx:values>
 </asx:abap>
</abapGit>
